clave,link
102,https://drive.google.com/open?id=18j3NEXAauHTkqCW1q3VKK8YSMSSdYhXO&usp=drive_copy
3231,https://drive.google.com/open?id=1olPHSJf0e9AkiAmryst_S-fF2pr10Rer&usp=drive_copy
3230,https://drive.google.com/open?id=16IzwVGwFfo9gStva5bd75VS2PufTom4I&usp=drive_copy
3226,https://drive.google.com/open?id=1zTpMHBRGl3N_v7u1WnwNmUOecTHNpcQ4&usp=drive_copy
3225,https://drive.google.com/open?id=182RuvTBIPwsh1bUpAKsgbppq-CLHh1bd&usp=drive_copy
3224,https://drive.google.com/open?id=1V0d0NcmHzuBnlUpKnnINsMwpVPKAO3b1&usp=drive_copy
3223,https://drive.google.com/open?id=1sx63c-3fIahA01xlqILB5pGPu81Ristl&usp=drive_copy
3222,https://drive.google.com/open?id=1LNB8U56uJ99Fdyx0LCbDo-BsjcRpe_f9&usp=drive_copy
3221,https://drive.google.com/open?id=1yoGY63NSN9WIqJri_MZiOVeNgB5d3lWn&usp=drive_copy
3219,https://drive.google.com/open?id=18EiA8SNRF-SsAJtf8boLOUsWk5j7Tryh&usp=drive_copy
3218,https://drive.google.com/open?id=1PqTZCvonPHowtPAF2ChdPnvezdJVR8Sn&usp=drive_copy
3216,https://drive.google.com/open?id=1Fteul_1CeQXxxfXtQAkoB-K67GuSPvyS&usp=drive_copy
3214,https://drive.google.com/open?id=1wWCFd4F6m9uYmdE7XoTr3AtNPU2NP3n2&usp=drive_copy
3213,https://drive.google.com/open?id=1ELATE5EPTmtr8atYa7v_nwRcH826vPhN&usp=drive_copy
3211,https://drive.google.com/open?id=19epiV3Zb0e9OubHIZm3YoxVJggXulPaK&usp=drive_copy
3210,https://drive.google.com/open?id=1Bo9qHB7POViu2ayxs-DaWBC9yz3JNsOo&usp=drive_copy
3208,https://drive.google.com/open?id=1QEWboKedHJigCBiY2wLQHzND7xXFMmLd&usp=drive_copy
3207,https://drive.google.com/open?id=1yW7C8Ame8UYnK1ZSwWf5rZ5ZWUPZHS0R&usp=drive_copy
3206,https://drive.google.com/open?id=1u3PLLiVR5pNi2_n679-8AEj98aU_Tu7v&usp=drive_copy
3205,https://drive.google.com/open?id=1nLTWZxglEMqjgsXOncAc5bWQ4HYYfJ1-&usp=drive_copy
3204,https://drive.google.com/open?id=1IoviKxL9ywHS-ERUvQLkIJd0ZzPRAQn_&usp=drive_copy
3201,https://drive.google.com/open?id=1mzPO1SxXIE8SVWdBjsPusz-BzTVSzKiP&usp=drive_copy
3019,https://drive.google.com/open?id=1cLUJT6zvWIvFmKVs70HGBaDM913zuLOs&usp=drive_copy
3014,https://drive.google.com/open?id=1cyssL8aAEIEIZjAwqxS1IvEhFqBD2O1-&usp=drive_copy
3006,https://drive.google.com/open?id=1MHLmhboYShAJd9Dsgo2wmfqO0_P2pqaX&usp=drive_copy
3005,https://drive.google.com/open?id=1eyTo_kEmiunmt36CDu9h4sski94u_JhE&usp=drive_copy
2902,https://drive.google.com/open?id=1miUKqGmx4Oy6w1iJPotDXgZNCVcNlx8c&usp=drive_copy
2802,https://drive.google.com/open?id=1UXgdDbFpGS0xMzhoxELCOZ5RGfRKIe1b&usp=drive_copy
2642,https://drive.google.com/open?id=1BiMAiXaQRdJYVQJ60u4l279fMZJQxV4G&usp=drive_copy
2636,https://drive.google.com/open?id=1sjbhgtmhJ4QYWDdPuJHTDvPRPJk13epy&usp=drive_copy
2635,https://drive.google.com/open?id=1WQGwC71muHsWQZfcSRnB7s3udYnLl1HP&usp=drive_copy
2629,https://drive.google.com/open?id=1mI4rJRvCzxHtJZRS00vsMkLH9V95-LhO&usp=drive_copy
2628,https://drive.google.com/open?id=19QGPZXpvhw0m0z_MRLVsR4OUidp9aT7x&usp=drive_copy
2620,https://drive.google.com/open?id=1BiUe1ybfmRW7z_DWEOKTyc5NowR2gQnF&usp=drive_copy
2619,https://drive.google.com/open?id=1ljahAMMqnE21xpVQUem9XjChiIQbWrit&usp=drive_copy
2616,https://drive.google.com/open?id=1RHmRG_ki1ZJJW1TKYRRuSz3AEMmLaMH2&usp=drive_copy
2513,https://drive.google.com/open?id=1U9brChG-DkzfgeRirL_kB2WxuzLR3q2q&usp=drive_copy
2512,https://drive.google.com/open?id=1Z9zJ1hX1iaCaiEwJgISo5OAqAlSGORDt&usp=drive_copy
2511,https://drive.google.com/open?id=1xmVQy4vHTlGgDsH9OpRXVOC6XSYrblFf&usp=drive_copy
2510,https://drive.google.com/open?id=1LcCCj3LWGk_h2bF7ja9mDdhK6cQz-yBP&usp=drive_copy
2509,https://drive.google.com/open?id=10h2zdJfRRDT-AAeHfnQkotTF6CWuJYaX&usp=drive_copy
2508,https://drive.google.com/open?id=1U3cedf42evG6d0Fusa2XICF-PYPVwTJz&usp=drive_copy
2507,https://drive.google.com/open?id=1eDgu0S1_DX2MXarfggEad3NdwakkpFJG&usp=drive_copy
2506,https://drive.google.com/open?id=1gN7oV1g-CgBBuiB5s5rzW5N18qLMxdF8&usp=drive_copy
2505,https://drive.google.com/open?id=18h6_dvP7o81syaoENtCVQe6zTbJDr0w8&usp=drive_copy
2504,https://drive.google.com/open?id=1_h_WgM0d83-9kParpiBLbMnFJo8KyUgF&usp=drive_copy
2502,https://drive.google.com/open?id=1vOOb3eFUjBCsaqSVVWfSZQ8L61h8K4Cu&usp=drive_copy
2412,https://drive.google.com/open?id=1aUfiq1l_k79a4IxOVKXrDqdYt1vy0wEl&usp=drive_copy
2202,https://drive.google.com/open?id=1T-0983VlL9sUmN6U2RrFGJhrTjHz11at&usp=drive_copy
1924,https://drive.google.com/open?id=1iG81tvgofIt3Z9vPfa-N2a3hNsnYBoDo&usp=drive_copy
1806,https://drive.google.com/open?id=13DECSEDETiE4VA8dSkQqGNzB9kRb0geG&usp=drive_copy
1701,https://drive.google.com/open?id=1nuvA5U00gdPb1mMw34aDMBVwa5Tns9Z1&usp=drive_copy
1320,https://drive.google.com/open?id=17MZdAOWQkdlffI2xKhpAmj1CWEAI6StR&usp=drive_copy
1316,https://drive.google.com/open?id=1YhFtjf-zY4V59urcSFWnYjqdVvvaQ2Nr&usp=drive_copy
1310,https://drive.google.com/open?id=1p7JB4ypzbyy-IpqSpQNN4ZZeOG-TR19K&usp=drive_copy
1226,https://drive.google.com/open?id=1MOToKK5iUYuNTQmTahpo430_PH2hFhag&usp=drive_copy
1108,https://drive.google.com/open?id=1NYoqMVs2BjTzKUSjHE6-2s9G4SqsXS9i&usp=drive_copy
1106,https://drive.google.com/open?id=1O8oA84pD6T8xN-Dt4mObtDsSjRAsdcxA&usp=drive_copy
1104,https://drive.google.com/open?id=1RIM7GUR0vNuyKzDraiWz1l99wbdbIbN7&usp=drive_copy
1103,https://drive.google.com/open?id=1-JdOQUkrM8C9ySNg59saPmXqJurF3NSA&usp=drive_copy
1101,https://drive.google.com/open?id=1QPk-Isr2sHQPz9e3plWs6adNMwj6vL5b&usp=drive_copy
1023,https://drive.google.com/open?id=1EPl-14JHddRH07_T-rpCz95hoBNImn2q&usp=drive_copy
1005,https://drive.google.com/open?id=1wZJoZ3tIE0CbF6d57YXzFjeALM-Onz6r&usp=drive_copy
324,https://drive.google.com/open?id=1CSScWRMVmtDd_R3hHfEXR7OhsJS-F7FC&usp=drive_copy
322,https://drive.google.com/open?id=1iqdLJN9aDJbu6U9FAgAEZk4pA5xFApzt&usp=drive_copy
306,https://drive.google.com/open?id=14JUgCkzw6GBgJ2yyFbdUeTkoFbqLQ5X1&usp=drive_copy
302,https://drive.google.com/open?id=1-FvugdCUk1u3m96w8g7IBSkuP2f4ZK8I&usp=drive_copy
228,https://drive.google.com/open?id=1am8Z0un6efKEwNTh_KzTS0uU_gGgYNt8&usp=drive_copy
227,https://drive.google.com/open?id=1vTQzLAx19CkS25EyY5lBMP0qdoaMOJcR&usp=drive_copy
210,https://drive.google.com/open?id=1JmvAgkAyNwXtIt9TQe3-vAheDPDiLDCi&usp=drive_copy
306,https://drive.google.com/open?id=19gd-hMWPkpCch_Qs2wjXm8HDzD-OyIYJ&usp=drive_copy
3008,https://drive.google.com/open?id=1aSrTEesmql0v4zpb3Y7XopcY1VU4JY3B&usp=drive_copy
319,https://drive.google.com/open?id=1PXEjibh3eZTg6PhdizU_ex5ArI036ugP&usp=drive_copy
323,https://drive.google.com/open?id=1XmAJyC1o3LRpAoObLJpR9FHh7M_Fwc4Z&usp=drive_copy
705,https://drive.google.com/open?id=1fS50PV5JAHVjPDyWFInPiUYE6XbmIp9o&usp=drive_copy
706,https://drive.google.com/open?id=1Z2qgRc8R4qjQWvtH4Jqn0heCu16gYIte&usp=drive_copy
710,https://drive.google.com/open?id=1TFI2MX-XJV393JgSYqefDO8IFuh8RuS2&usp=drive_copy
711,https://drive.google.com/open?id=1rkfs_NILA4YXZ2l40nOFUzpwxd-y0ll2&usp=drive_copy
1001,https://drive.google.com/open?id=1CpKx3X-W6RFlimY6BmbV0622HMWOdEti&usp=drive_copy
1002,https://drive.google.com/open?id=1IK3TUDDzqx2IOY95oOvZFg8O4EujHAxX&usp=drive_copy
1003,https://drive.google.com/open?id=1r_X4hFK-Dao6DfG-6xwZ3wuI8Dv7D68b&usp=drive_copy
1004,https://drive.google.com/open?id=1Rs1TOFEiI0BcKVqkr2dplgFDCekobv5x&usp=drive_copy
2201,https://drive.google.com/open?id=12lZZ6byVJWzxqdyRRFNSAzdZukNWXJ0G&usp=drive_copy
2203,https://drive.google.com/open?id=1DyK4glvcz9gSWCdZ6nAI3klSj7jR2VCp&usp=drive_copy
2204,https://drive.google.com/open?id=1AMBsbquCGQfl9WPdv6GVENi-SzyjX039&usp=drive_copy
2205,https://drive.google.com/open?id=1CApQwz6pVwz3CJKhcFkT4scSTldYIdqq&usp=drive_copy
2208,https://drive.google.com/open?id=1_XvB3tKPzjKpGFKP-bnYO7t3u4MCwlxY&usp=drive_copy
2605,https://drive.google.com/open?id=1An3PbcB2u0a_vxwm2W32a0EgcpyLCX6_&usp=drive_copy
2625,https://drive.google.com/open?id=1Shq6B0a4U9RaNnh_o5eL6b6dgNvXkmEA&usp=drive_copy
2626,https://drive.google.com/open?id=1ChCcNF0iYddM4vR2p6NN-nhZ4gVGadMg&usp=drive_copy
2627,https://drive.google.com/open?id=1bJ1LtWggq-_JVVhsrQqYVOko62nSk1vZ&usp=drive_copy
2807,https://drive.google.com/open?id=1BV8Pgk4ZgP0r9V_45Wqg4nSsqXS31iyi&usp=drive_copy
2808,https://drive.google.com/open?id=19MyMV7r2X23UO-odACppiG18zxDiyxA0&usp=drive_copy
2810,https://drive.google.com/open?id=162hBuXB4sVVtlrqoZpwCM8Ad2p1RV854&usp=drive_copy
2901,https://drive.google.com/open?id=1lIySacbouagBuwIu8x6YjKHn5ThSTSBX&usp=drive_copy
2903,https://drive.google.com/open?id=1yVDw8OeptR3SzJhsXKYWwdmlwKTAbMvV&usp=drive_copy
3004,https://drive.google.com/open?id=1rN8Hwx5V-VIodCw77Pbzcto9As0GkTDd&usp=drive_copy
